email,phone,madid,fn,ln,zip,ct,st,country,doby,gen
elizabetho@fb.com,1-(650)-561-5622,aece52e7-03ee-455a-b3c4-e57283966239,Elizabeth,Olsen,94046,Menlo Park,CA,US,1968,F
andrewj@fb.com,1-(212) 736-3100,BEBE52E7-03EE-455A-B3C4-E57283966239,Andrew,Jamison,10118,New York,NY,US,1978,M
margaretj@fb.com,1-(323) 857-6000,adbe52e7-03ee-455a-b3c4-e57283966239,Margaret,Johnson,90001-4656,Los Angeles,CA,US,1982,F
johnd@fb.com,1-(312) 443-3600,aebe52e7-03ee-455a-b3c4-e57283966239,John,Doe,60603,Chicago,IL,US,1978,M
marks@fb.com,+44 303 123 7300,AEBD52E7-03EE-455A-B3C4-E57283966239,Mark,Smith,SW1A 1AA,London,WI,GB,1978,M
jamesm@fb.com,+44 20 7219 4272,aece52e7-03ee-455a-b3c4-e57283966239,James,McLaughlin,SW1A 1AA,London,AZ,GB,1978,M
pauloa@fb.com,+55 21 3938-6900,ACBE52E7-03EE-455A-B3C4-E57283966239,Paulo,Alessandro,01310-200,Sao Paulo,CO,BR,1976,M
mariel@fb.com,+33 892 70 12 39,AFCE52E7-03EE-455A-B3C4-E57283966239,Marie,Laurent,75007,Paris,CA,FR,1978,F
thomasd@fb.com,+33 892 70 12 39,aebe52e7-03ee-455a-b3c4-e57283966239,Thomas,Dubois,75007,Paris,CA,FR,1978,M
